index,script,valid,failure,n_outputs,signal_score,rep_score
0,[PROJECT_ROOT]/artifacts/baselines/oneshot/WPW_Syndrome/candidates/script_000.py,True,,100,0.48610795682651764,0.3051255739831628
1,[PROJECT_ROOT]/artifacts/baselines/oneshot/WPW_Syndrome/candidates/script_001.py,True,,100,0.2147994620553976,0.24864374672771075
2,[PROJECT_ROOT]/artifacts/baselines/oneshot/WPW_Syndrome/candidates/script_002.py,True,,100,0.33797168876613315,0.20075322571011922
3,[PROJECT_ROOT]/artifacts/baselines/oneshot/WPW_Syndrome/candidates/script_003.py,True,,100,0.24314936955220823,0.29772040438533115
4,[PROJECT_ROOT]/artifacts/baselines/oneshot/WPW_Syndrome/candidates/script_004.py,True,,100,0.287566852826538,0.30119914801021597
5,[PROJECT_ROOT]/artifacts/baselines/oneshot/WPW_Syndrome/candidates/script_005.py,True,,100,0.3826625283978543,0.34832514883873406
6,[PROJECT_ROOT]/artifacts/baselines/oneshot/WPW_Syndrome/candidates/script_006.py,True,,100,0.20672154282730598,0.22055530162771395
7,[PROJECT_ROOT]/artifacts/baselines/oneshot/WPW_Syndrome/candidates/script_007.py,True,,100,0.6352875371805656,0.4145839401305328
8,[PROJECT_ROOT]/artifacts/baselines/oneshot/WPW_Syndrome/candidates/script_008.py,True,,100,0.32632524811702823,0.23584761871458104
9,[PROJECT_ROOT]/artifacts/baselines/oneshot/WPW_Syndrome/candidates/script_009.py,True,,100,0.3041078287413778,0.37000797478443204
10,[PROJECT_ROOT]/artifacts/baselines/oneshot/WPW_Syndrome/candidates/script_010.py,True,,100,0.41129242520394743,0.2834517319800183
11,[PROJECT_ROOT]/artifacts/baselines/oneshot/WPW_Syndrome/candidates/script_011.py,True,,100,0.34750258143382096,0.29083336927253567
12,[PROJECT_ROOT]/artifacts/baselines/oneshot/WPW_Syndrome/candidates/script_012.py,True,,100,0.42710336990047076,0.27057200813089954
13,[PROJECT_ROOT]/artifacts/baselines/oneshot/WPW_Syndrome/candidates/script_013.py,True,,100,0.14149810714450395,0.23589341952946838
14,[PROJECT_ROOT]/artifacts/baselines/oneshot/WPW_Syndrome/candidates/script_014.py,True,,100,0.5697801943024893,0.32911043346258395
15,[PROJECT_ROOT]/artifacts/baselines/oneshot/WPW_Syndrome/candidates/script_015.py,True,,100,0.37578392932141413,0.2554524411983298
16,[PROJECT_ROOT]/artifacts/baselines/oneshot/WPW_Syndrome/candidates/script_016.py,True,,100,0.21253508937313956,0.3001865471255847
17,[PROJECT_ROOT]/artifacts/baselines/oneshot/WPW_Syndrome/candidates/script_017.py,True,,100,0.21956839236113082,0.24630690847885228
18,[PROJECT_ROOT]/artifacts/baselines/oneshot/WPW_Syndrome/candidates/script_018.py,True,,100,0.4081856730598246,0.23209001058703643
19,[PROJECT_ROOT]/artifacts/baselines/oneshot/WPW_Syndrome/candidates/script_019.py,True,,100,0.2603756935600584,0.20463372556288695
20,[PROJECT_ROOT]/artifacts/baselines/oneshot/WPW_Syndrome/candidates/script_020.py,True,,100,0.32952489275728064,0.3403461721738847
21,[PROJECT_ROOT]/artifacts/baselines/oneshot/WPW_Syndrome/candidates/script_021.py,True,,100,0.256159002326444,0.364554544729908
22,[PROJECT_ROOT]/artifacts/baselines/oneshot/WPW_Syndrome/candidates/script_022.py,True,,100,0.17930415104286512,0.2077177728519164
23,[PROJECT_ROOT]/artifacts/baselines/oneshot/WPW_Syndrome/candidates/script_023.py,True,,100,0.218097509216347,0.186494842760295
24,[PROJECT_ROOT]/artifacts/baselines/oneshot/WPW_Syndrome/candidates/script_024.py,True,,100,0.28959050532491115,0.3024642224404018
25,[PROJECT_ROOT]/artifacts/baselines/oneshot/WPW_Syndrome/candidates/script_025.py,True,,100,0.22807463630158295,0.2525983440657817
26,[PROJECT_ROOT]/artifacts/baselines/oneshot/WPW_Syndrome/candidates/script_026.py,True,,100,0.4243936755698391,0.2963256849479369
27,[PROJECT_ROOT]/artifacts/baselines/oneshot/WPW_Syndrome/candidates/script_027.py,True,,100,0.3752348951929044,0.3652286792719866
28,[PROJECT_ROOT]/artifacts/baselines/oneshot/WPW_Syndrome/candidates/script_028.py,True,,100,0.19705001903874997,0.17914181869010481
29,[PROJECT_ROOT]/artifacts/baselines/oneshot/WPW_Syndrome/candidates/script_029.py,True,,100,0.21546311756193867,0.2852897817365045
30,[PROJECT_ROOT]/artifacts/baselines/oneshot/WPW_Syndrome/candidates/script_030.py,True,,100,0.3610956808766202,0.29790492353210024
31,[PROJECT_ROOT]/artifacts/baselines/oneshot/WPW_Syndrome/candidates/script_031.py,True,,100,0.23257431152817049,0.203710090425174
32,[PROJECT_ROOT]/artifacts/baselines/oneshot/WPW_Syndrome/candidates/script_032.py,True,,100,0.26153568489209944,0.40967549522376606
33,[PROJECT_ROOT]/artifacts/baselines/oneshot/WPW_Syndrome/candidates/script_033.py,True,,100,0.6445586590773166,0.4562293069916741
34,[PROJECT_ROOT]/artifacts/baselines/oneshot/WPW_Syndrome/candidates/script_034.py,True,,100,0.43861779101770215,0.376971083006715
35,[PROJECT_ROOT]/artifacts/baselines/oneshot/WPW_Syndrome/candidates/script_035.py,True,,100,0.22717512275088764,0.24890648944736887
36,[PROJECT_ROOT]/artifacts/baselines/oneshot/WPW_Syndrome/candidates/script_036.py,True,,100,0.5272132565386519,0.40130036704694655
37,[PROJECT_ROOT]/artifacts/baselines/oneshot/WPW_Syndrome/candidates/script_037.py,True,,100,0.19984594762890748,nan
38,[PROJECT_ROOT]/artifacts/baselines/oneshot/WPW_Syndrome/candidates/script_038.py,True,,100,0.24183308926346503,0.25978409833904414
39,[PROJECT_ROOT]/artifacts/baselines/oneshot/WPW_Syndrome/candidates/script_039.py,True,,100,0.40423491665626876,0.3649361188176655
40,[PROJECT_ROOT]/artifacts/baselines/oneshot/WPW_Syndrome/candidates/script_040.py,True,,100,0.5806733262588673,0.38262422835564275
41,[PROJECT_ROOT]/artifacts/baselines/oneshot/WPW_Syndrome/candidates/script_041.py,False,execution,0,,
42,[PROJECT_ROOT]/artifacts/baselines/oneshot/WPW_Syndrome/candidates/script_042.py,True,,100,0.2780621836401579,0.32575380421836747
43,[PROJECT_ROOT]/artifacts/baselines/oneshot/WPW_Syndrome/candidates/script_043.py,True,,100,0.19879783975823928,0.25317124359901055
44,[PROJECT_ROOT]/artifacts/baselines/oneshot/WPW_Syndrome/candidates/script_044.py,True,,100,0.17880220803062213,0.22827884478682092
45,[PROJECT_ROOT]/artifacts/baselines/oneshot/WPW_Syndrome/candidates/script_045.py,True,,100,0.5490022928503437,0.3749251073936825
46,[PROJECT_ROOT]/artifacts/baselines/oneshot/WPW_Syndrome/candidates/script_046.py,True,,100,0.27420592223154033,0.27050730886552377
47,[PROJECT_ROOT]/artifacts/baselines/oneshot/WPW_Syndrome/candidates/script_047.py,True,,100,0.39748027273845854,0.32399869352534705
48,[PROJECT_ROOT]/artifacts/baselines/oneshot/WPW_Syndrome/candidates/script_048.py,True,,100,0.21026179941313225,0.23432171442155397
49,[PROJECT_ROOT]/artifacts/baselines/oneshot/WPW_Syndrome/candidates/script_049.py,True,,100,0.35589542432434923,0.37536766613489764
50,[PROJECT_ROOT]/artifacts/baselines/oneshot/WPW_Syndrome/candidates/script_050.py,True,,100,0.15126439741984724,0.21566610327362223
51,[PROJECT_ROOT]/artifacts/baselines/oneshot/WPW_Syndrome/candidates/script_051.py,True,,100,0.4360069044207414,0.3553078578868842
52,[PROJECT_ROOT]/artifacts/baselines/oneshot/WPW_Syndrome/candidates/script_052.py,True,,100,0.24106887603818516,0.29815656746648195
53,[PROJECT_ROOT]/artifacts/baselines/oneshot/WPW_Syndrome/candidates/script_053.py,True,,100,0.23556421164714125,0.24591687972839854
54,[PROJECT_ROOT]/artifacts/baselines/oneshot/WPW_Syndrome/candidates/script_054.py,True,,100,0.3329807876145554,0.2618521460218869
55,[PROJECT_ROOT]/artifacts/baselines/oneshot/WPW_Syndrome/candidates/script_055.py,True,,100,0.3926992895762003,0.3584135399545685
56,[PROJECT_ROOT]/artifacts/baselines/oneshot/WPW_Syndrome/candidates/script_056.py,True,,100,0.3204516726444219,0.26535275274056147
57,[PROJECT_ROOT]/artifacts/baselines/oneshot/WPW_Syndrome/candidates/script_057.py,True,,100,0.5600433888707251,0.3696623149349572
58,[PROJECT_ROOT]/artifacts/baselines/oneshot/WPW_Syndrome/candidates/script_058.py,True,,100,0.3435663234129137,0.23934170987425815
59,[PROJECT_ROOT]/artifacts/baselines/oneshot/WPW_Syndrome/candidates/script_059.py,True,,100,0.3662739958076041,0.3197187653306893
60,[PROJECT_ROOT]/artifacts/baselines/oneshot/WPW_Syndrome/candidates/script_060.py,True,,100,0.21486845469929444,0.2283054734062134
61,[PROJECT_ROOT]/artifacts/baselines/oneshot/WPW_Syndrome/candidates/script_061.py,True,,100,0.35715514909675294,0.25200926116540867
62,[PROJECT_ROOT]/artifacts/baselines/oneshot/WPW_Syndrome/candidates/script_062.py,True,,100,0.28254190096083975,0.3051222831596388
63,[PROJECT_ROOT]/artifacts/baselines/oneshot/WPW_Syndrome/candidates/script_063.py,True,,100,0.22152015541357856,0.2493530430125125
64,[PROJECT_ROOT]/artifacts/baselines/oneshot/WPW_Syndrome/candidates/script_064.py,True,,100,0.2642171101504943,0.2933531868209012
65,[PROJECT_ROOT]/artifacts/baselines/oneshot/WPW_Syndrome/candidates/script_065.py,True,,100,0.14224076393476126,0.2715297069361391
66,[PROJECT_ROOT]/artifacts/baselines/oneshot/WPW_Syndrome/candidates/script_066.py,True,,100,0.4636677263863561,0.3228618791901315
67,[PROJECT_ROOT]/artifacts/baselines/oneshot/WPW_Syndrome/candidates/script_067.py,True,,100,0.3147600519540215,0.2870608674069904
68,[PROJECT_ROOT]/artifacts/baselines/oneshot/WPW_Syndrome/candidates/script_068.py,True,,100,0.3255625706745337,0.2624072015674527
69,[PROJECT_ROOT]/artifacts/baselines/oneshot/WPW_Syndrome/candidates/script_069.py,True,,100,0.4364870783395033,0.23998920660381495
70,[PROJECT_ROOT]/artifacts/baselines/oneshot/WPW_Syndrome/candidates/script_070.py,True,,100,0.377055200973721,0.2961848634778167
71,[PROJECT_ROOT]/artifacts/baselines/oneshot/WPW_Syndrome/candidates/script_071.py,True,,100,0.20234260109867633,0.243280161917088
72,[PROJECT_ROOT]/artifacts/baselines/oneshot/WPW_Syndrome/candidates/script_072.py,True,,100,0.29325025671273186,0.2641319670039646
73,[PROJECT_ROOT]/artifacts/baselines/oneshot/WPW_Syndrome/candidates/script_073.py,True,,100,0.4370008273646107,0.2867452447090105
74,[PROJECT_ROOT]/artifacts/baselines/oneshot/WPW_Syndrome/candidates/script_074.py,True,,100,0.5273365805207174,0.35812348394328025
75,[PROJECT_ROOT]/artifacts/baselines/oneshot/WPW_Syndrome/candidates/script_075.py,True,,100,0.3501537564653087,0.3029102337068399
76,[PROJECT_ROOT]/artifacts/baselines/oneshot/WPW_Syndrome/candidates/script_076.py,True,,100,0.3643396007772274,0.36829752718519604
77,[PROJECT_ROOT]/artifacts/baselines/oneshot/WPW_Syndrome/candidates/script_077.py,True,,100,0.20881622628468954,0.21272645833762824
78,[PROJECT_ROOT]/artifacts/baselines/oneshot/WPW_Syndrome/candidates/script_078.py,True,,100,0.27174041889987227,0.2668604892372939
79,[PROJECT_ROOT]/artifacts/baselines/oneshot/WPW_Syndrome/candidates/script_079.py,True,,100,0.5033874930558688,0.4062298668572617
80,[PROJECT_ROOT]/artifacts/baselines/oneshot/WPW_Syndrome/candidates/script_080.py,True,,100,0.5800323576254857,0.40481164702651773
81,[PROJECT_ROOT]/artifacts/baselines/oneshot/WPW_Syndrome/candidates/script_081.py,True,,100,0.3049259587067198,0.38960002232552465
82,[PROJECT_ROOT]/artifacts/baselines/oneshot/WPW_Syndrome/candidates/script_082.py,True,,100,0.27993977094635725,0.2702669770104493
83,[PROJECT_ROOT]/artifacts/baselines/oneshot/WPW_Syndrome/candidates/script_083.py,True,,100,0.18674069309111113,0.2967228620942816
84,[PROJECT_ROOT]/artifacts/baselines/oneshot/WPW_Syndrome/candidates/script_084.py,True,,100,0.2993836716243523,0.33347662710705434
85,[PROJECT_ROOT]/artifacts/baselines/oneshot/WPW_Syndrome/candidates/script_085.py,True,,100,0.4448180495852835,0.40763524112754573
86,[PROJECT_ROOT]/artifacts/baselines/oneshot/WPW_Syndrome/candidates/script_086.py,True,,100,0.31550856991117227,0.33214244066664506
87,[PROJECT_ROOT]/artifacts/baselines/oneshot/WPW_Syndrome/candidates/script_087.py,True,,100,0.22968666614755034,0.20150192882301288
88,[PROJECT_ROOT]/artifacts/baselines/oneshot/WPW_Syndrome/candidates/script_088.py,True,,100,0.26255731131609295,0.25511322135428444
89,[PROJECT_ROOT]/artifacts/baselines/oneshot/WPW_Syndrome/candidates/script_089.py,True,,100,0.21277642807147154,0.20117243006287025
90,[PROJECT_ROOT]/artifacts/baselines/oneshot/WPW_Syndrome/candidates/script_090.py,True,,100,0.3545162308574489,0.3634335471721707
91,[PROJECT_ROOT]/artifacts/baselines/oneshot/WPW_Syndrome/candidates/script_091.py,True,,100,0.31163791294811316,0.3826231356249431
92,[PROJECT_ROOT]/artifacts/baselines/oneshot/WPW_Syndrome/candidates/script_092.py,True,,100,0.40417977029015806,0.3224215638138392
93,[PROJECT_ROOT]/artifacts/baselines/oneshot/WPW_Syndrome/candidates/script_093.py,True,,100,0.2547705761456471,0.2763100814337199
94,[PROJECT_ROOT]/artifacts/baselines/oneshot/WPW_Syndrome/candidates/script_094.py,True,,100,0.39449402188490973,0.33724230346181194
95,[PROJECT_ROOT]/artifacts/baselines/oneshot/WPW_Syndrome/candidates/script_095.py,True,,100,0.27866661991236225,0.30773959754382607
96,[PROJECT_ROOT]/artifacts/baselines/oneshot/WPW_Syndrome/candidates/script_096.py,True,,100,0.3479839652242304,0.3737366022405986
97,[PROJECT_ROOT]/artifacts/baselines/oneshot/WPW_Syndrome/candidates/script_097.py,True,,100,0.4650944588389766,0.31807650339920635
98,[PROJECT_ROOT]/artifacts/baselines/oneshot/WPW_Syndrome/candidates/script_098.py,True,,100,0.38155114693700204,0.38837113591833317
99,[PROJECT_ROOT]/artifacts/baselines/oneshot/WPW_Syndrome/candidates/script_099.py,True,,100,0.24801333059179745,0.265964830958454
100,[PROJECT_ROOT]/artifacts/baselines/oneshot/WPW_Syndrome/candidates/script_100.py,True,,100,0.19078777929707927,0.23653093345661272
101,[PROJECT_ROOT]/artifacts/baselines/oneshot/WPW_Syndrome/candidates/script_101.py,True,,100,0.4123794466811869,0.30263345024569244
102,[PROJECT_ROOT]/artifacts/baselines/oneshot/WPW_Syndrome/candidates/script_102.py,True,,100,0.4241251325658296,0.2815866659079998
103,[PROJECT_ROOT]/artifacts/baselines/oneshot/WPW_Syndrome/candidates/script_103.py,True,,100,0.25208694395883136,0.21843635945905457
104,[PROJECT_ROOT]/artifacts/baselines/oneshot/WPW_Syndrome/candidates/script_104.py,True,,100,0.45662827108407156,0.35765622486661786
105,[PROJECT_ROOT]/artifacts/baselines/oneshot/WPW_Syndrome/candidates/script_105.py,True,,100,0.25816485259919064,0.29872647516596884
106,[PROJECT_ROOT]/artifacts/baselines/oneshot/WPW_Syndrome/candidates/script_106.py,True,,100,0.2152309156340005,0.29448803098754084
107,[PROJECT_ROOT]/artifacts/baselines/oneshot/WPW_Syndrome/candidates/script_107.py,True,,100,0.46517358322861907,0.37155206216813236
108,[PROJECT_ROOT]/artifacts/baselines/oneshot/WPW_Syndrome/candidates/script_108.py,True,,100,0.2606232580022385,0.23752460047011942
109,[PROJECT_ROOT]/artifacts/baselines/oneshot/WPW_Syndrome/candidates/script_109.py,True,,100,0.26955617605820426,0.26271089867018355
110,[PROJECT_ROOT]/artifacts/baselines/oneshot/WPW_Syndrome/candidates/script_110.py,True,,100,0.3281977392301196,0.33032119517793
111,[PROJECT_ROOT]/artifacts/baselines/oneshot/WPW_Syndrome/candidates/script_111.py,True,,100,0.36310925650936576,0.2945445535787038
112,[PROJECT_ROOT]/artifacts/baselines/oneshot/WPW_Syndrome/candidates/script_112.py,True,,100,0.3643042933536281,0.224345146844173
113,[PROJECT_ROOT]/artifacts/baselines/oneshot/WPW_Syndrome/candidates/script_113.py,True,,100,0.1958316874741742,0.202937407444882
114,[PROJECT_ROOT]/artifacts/baselines/oneshot/WPW_Syndrome/candidates/script_114.py,True,,100,0.2182558084555573,0.24825031644041382
115,[PROJECT_ROOT]/artifacts/baselines/oneshot/WPW_Syndrome/candidates/script_115.py,True,,100,0.45509913580443745,0.36012229506966803
116,[PROJECT_ROOT]/artifacts/baselines/oneshot/WPW_Syndrome/candidates/script_116.py,True,,100,0.28201211557750094,0.23103345844132345
117,[PROJECT_ROOT]/artifacts/baselines/oneshot/WPW_Syndrome/candidates/script_117.py,True,,100,0.2784757899481933,0.2744220660928483
118,[PROJECT_ROOT]/artifacts/baselines/oneshot/WPW_Syndrome/candidates/script_118.py,True,,100,0.3007230054905361,0.27075848149964143
119,[PROJECT_ROOT]/artifacts/baselines/oneshot/WPW_Syndrome/candidates/script_119.py,True,,100,0.2337414419476528,0.26634517814983716
120,[PROJECT_ROOT]/artifacts/baselines/oneshot/WPW_Syndrome/candidates/script_120.py,True,,100,0.44291188425558053,0.2484132864147664
121,[PROJECT_ROOT]/artifacts/baselines/oneshot/WPW_Syndrome/candidates/script_121.py,True,,100,0.29965234447526756,0.3718857777346927
122,[PROJECT_ROOT]/artifacts/baselines/oneshot/WPW_Syndrome/candidates/script_122.py,True,,100,0.2581296474413422,0.33898602755501744
123,[PROJECT_ROOT]/artifacts/baselines/oneshot/WPW_Syndrome/candidates/script_123.py,True,,100,0.26741772223068455,0.21633550260899972
124,[PROJECT_ROOT]/artifacts/baselines/oneshot/WPW_Syndrome/candidates/script_124.py,True,,100,0.4368657291967664,0.2425756740014617
125,[PROJECT_ROOT]/artifacts/baselines/oneshot/WPW_Syndrome/candidates/script_125.py,True,,100,0.3660530809009902,0.37835756994773867
126,[PROJECT_ROOT]/artifacts/baselines/oneshot/WPW_Syndrome/candidates/script_126.py,True,,100,0.2142757834430003,0.2688237643647961
127,[PROJECT_ROOT]/artifacts/baselines/oneshot/WPW_Syndrome/candidates/script_127.py,True,,100,0.45272099361285595,0.3996233391849645
128,[PROJECT_ROOT]/artifacts/baselines/oneshot/WPW_Syndrome/candidates/script_128.py,True,,100,0.33793223479408013,0.1960160367397617
129,[PROJECT_ROOT]/artifacts/baselines/oneshot/WPW_Syndrome/candidates/script_129.py,True,,100,0.4261081322457483,0.3069002137657655
130,[PROJECT_ROOT]/artifacts/baselines/oneshot/WPW_Syndrome/candidates/script_130.py,True,,100,0.5718440714154254,0.35149865807629516
131,[PROJECT_ROOT]/artifacts/baselines/oneshot/WPW_Syndrome/candidates/script_131.py,True,,100,0.2759535229828849,0.22679560417935787
132,[PROJECT_ROOT]/artifacts/baselines/oneshot/WPW_Syndrome/candidates/script_132.py,True,,100,0.536437637208061,0.39404544138669456
133,[PROJECT_ROOT]/artifacts/baselines/oneshot/WPW_Syndrome/candidates/script_133.py,True,,100,0.35002487246161496,0.2563004601459875
134,[PROJECT_ROOT]/artifacts/baselines/oneshot/WPW_Syndrome/candidates/script_134.py,True,,100,0.22079960102604831,0.2391115846631313
135,[PROJECT_ROOT]/artifacts/baselines/oneshot/WPW_Syndrome/candidates/script_135.py,True,,100,0.47657381796633913,0.3199415791204604
136,[PROJECT_ROOT]/artifacts/baselines/oneshot/WPW_Syndrome/candidates/script_136.py,True,,100,0.26703350694452055,0.2929670025967104
137,[PROJECT_ROOT]/artifacts/baselines/oneshot/WPW_Syndrome/candidates/script_137.py,True,,100,0.3397628224665433,0.33240619681079164
138,[PROJECT_ROOT]/artifacts/baselines/oneshot/WPW_Syndrome/candidates/script_138.py,True,,100,0.23525926720323134,0.23236874210877956
139,[PROJECT_ROOT]/artifacts/baselines/oneshot/WPW_Syndrome/candidates/script_139.py,True,,100,0.14015526277275372,0.23415052525008134
140,[PROJECT_ROOT]/artifacts/baselines/oneshot/WPW_Syndrome/candidates/script_140.py,True,,100,0.5819311387757804,0.2969841497195848
141,[PROJECT_ROOT]/artifacts/baselines/oneshot/WPW_Syndrome/candidates/script_141.py,True,,100,0.4067628937966912,0.33021706623394664
142,[PROJECT_ROOT]/artifacts/baselines/oneshot/WPW_Syndrome/candidates/script_142.py,True,,100,0.2896083214869531,0.21993529032595047
143,[PROJECT_ROOT]/artifacts/baselines/oneshot/WPW_Syndrome/candidates/script_143.py,True,,100,0.45139523577047935,0.31954790168702424
144,[PROJECT_ROOT]/artifacts/baselines/oneshot/WPW_Syndrome/candidates/script_144.py,True,,100,0.28027837408002865,0.23854936091221396
145,[PROJECT_ROOT]/artifacts/baselines/oneshot/WPW_Syndrome/candidates/script_145.py,True,,100,0.3696155617341629,0.24259850496087898
146,[PROJECT_ROOT]/artifacts/baselines/oneshot/WPW_Syndrome/candidates/script_146.py,True,,100,0.3764676373885981,0.2976207276439258
147,[PROJECT_ROOT]/artifacts/baselines/oneshot/WPW_Syndrome/candidates/script_147.py,True,,100,0.21457124112651868,0.2364585863804437
148,[PROJECT_ROOT]/artifacts/baselines/oneshot/WPW_Syndrome/candidates/script_148.py,True,,100,0.42481916419912186,0.37937983775562045
149,[PROJECT_ROOT]/artifacts/baselines/oneshot/WPW_Syndrome/candidates/script_149.py,True,,100,0.22676598050626068,0.24407296927439281
150,[PROJECT_ROOT]/artifacts/baselines/oneshot/WPW_Syndrome/candidates/script_150.py,True,,100,0.25098617768587517,0.18818659332456844
151,[PROJECT_ROOT]/artifacts/baselines/oneshot/WPW_Syndrome/candidates/script_151.py,True,,100,0.40953250078151815,0.2387304705254214
152,[PROJECT_ROOT]/artifacts/baselines/oneshot/WPW_Syndrome/candidates/script_152.py,True,,100,0.4260545487778332,0.33861783428245196
153,[PROJECT_ROOT]/artifacts/baselines/oneshot/WPW_Syndrome/candidates/script_153.py,True,,100,0.2747323916998557,0.2977019627103939
154,[PROJECT_ROOT]/artifacts/baselines/oneshot/WPW_Syndrome/candidates/script_154.py,True,,100,0.3197398297381595,0.2675208456358281
155,[PROJECT_ROOT]/artifacts/baselines/oneshot/WPW_Syndrome/candidates/script_155.py,True,,100,0.22299559197886487,0.25892706328450504
156,[PROJECT_ROOT]/artifacts/baselines/oneshot/WPW_Syndrome/candidates/script_156.py,True,,100,0.2918651203976423,0.20120933983667733
157,[PROJECT_ROOT]/artifacts/baselines/oneshot/WPW_Syndrome/candidates/script_157.py,True,,100,0.1935592294159645,0.2626852235854125
158,[PROJECT_ROOT]/artifacts/baselines/oneshot/WPW_Syndrome/candidates/script_158.py,True,,100,0.21407989831437435,0.18292503016163106
159,[PROJECT_ROOT]/artifacts/baselines/oneshot/WPW_Syndrome/candidates/script_159.py,True,,100,0.32601064518270156,0.2548675403441352
160,[PROJECT_ROOT]/artifacts/baselines/oneshot/WPW_Syndrome/candidates/script_160.py,True,,100,0.41076602188408806,0.3406391742764349
161,[PROJECT_ROOT]/artifacts/baselines/oneshot/WPW_Syndrome/candidates/script_161.py,True,,100,0.3861497859653916,0.3127196400988643
162,[PROJECT_ROOT]/artifacts/baselines/oneshot/WPW_Syndrome/candidates/script_162.py,True,,100,0.16822760052300084,0.27765081519840346
163,[PROJECT_ROOT]/artifacts/baselines/oneshot/WPW_Syndrome/candidates/script_163.py,True,,100,0.5026775294145487,0.3753059283756485
164,[PROJECT_ROOT]/artifacts/baselines/oneshot/WPW_Syndrome/candidates/script_164.py,True,,100,0.45324286079294207,0.34706714285511364
165,[PROJECT_ROOT]/artifacts/baselines/oneshot/WPW_Syndrome/candidates/script_165.py,True,,100,0.20992375269361077,0.1971623102675164
166,[PROJECT_ROOT]/artifacts/baselines/oneshot/WPW_Syndrome/candidates/script_166.py,True,,100,0.2090736425671615,0.24993852955640172
167,[PROJECT_ROOT]/artifacts/baselines/oneshot/WPW_Syndrome/candidates/script_167.py,True,,100,0.20510365818901702,0.18880734272629962
168,[PROJECT_ROOT]/artifacts/baselines/oneshot/WPW_Syndrome/candidates/script_168.py,True,,100,0.3444323455789668,0.3100164330020025
169,[PROJECT_ROOT]/artifacts/baselines/oneshot/WPW_Syndrome/candidates/script_169.py,True,,100,0.4958817732347849,0.3162514678592169
170,[PROJECT_ROOT]/artifacts/baselines/oneshot/WPW_Syndrome/candidates/script_170.py,True,,100,0.37864004438506116,0.44538084646951703
171,[PROJECT_ROOT]/artifacts/baselines/oneshot/WPW_Syndrome/candidates/script_171.py,True,,100,0.4988095804284748,0.3782871232940605
172,[PROJECT_ROOT]/artifacts/baselines/oneshot/WPW_Syndrome/candidates/script_172.py,True,,100,0.5985671524710158,0.36407487978006786
173,[PROJECT_ROOT]/artifacts/baselines/oneshot/WPW_Syndrome/candidates/script_173.py,True,,100,0.2992217710689731,0.25872648018626904
174,[PROJECT_ROOT]/artifacts/baselines/oneshot/WPW_Syndrome/candidates/script_174.py,True,,100,0.5466556985720551,0.3818718831089414
175,[PROJECT_ROOT]/artifacts/baselines/oneshot/WPW_Syndrome/candidates/script_175.py,True,,100,0.4181773170581936,0.2806934040476364
176,[PROJECT_ROOT]/artifacts/baselines/oneshot/WPW_Syndrome/candidates/script_176.py,True,,100,0.20747489858762863,0.1980902404610752
177,[PROJECT_ROOT]/artifacts/baselines/oneshot/WPW_Syndrome/candidates/script_177.py,True,,100,0.3090861002929475,0.25558862028475915
178,[PROJECT_ROOT]/artifacts/baselines/oneshot/WPW_Syndrome/candidates/script_178.py,True,,100,0.2514168970996806,0.34058912442455586
179,[PROJECT_ROOT]/artifacts/baselines/oneshot/WPW_Syndrome/candidates/script_179.py,True,,100,0.316934823544841,0.2922393519789528
180,[PROJECT_ROOT]/artifacts/baselines/oneshot/WPW_Syndrome/candidates/script_180.py,True,,100,0.33911420344971976,0.258064920867534
181,[PROJECT_ROOT]/artifacts/baselines/oneshot/WPW_Syndrome/candidates/script_181.py,True,,100,0.19387396446398963,0.22266594604704143
182,[PROJECT_ROOT]/artifacts/baselines/oneshot/WPW_Syndrome/candidates/script_182.py,True,,100,0.21645388214618078,0.24845340116782308
183,[PROJECT_ROOT]/artifacts/baselines/oneshot/WPW_Syndrome/candidates/script_183.py,True,,100,0.395989881584174,0.36658408019560845
184,[PROJECT_ROOT]/artifacts/baselines/oneshot/WPW_Syndrome/candidates/script_184.py,True,,100,0.2931896495080213,0.3676457292219614
185,[PROJECT_ROOT]/artifacts/baselines/oneshot/WPW_Syndrome/candidates/script_185.py,True,,100,0.4462922419199796,0.2458165583289008
186,[PROJECT_ROOT]/artifacts/baselines/oneshot/WPW_Syndrome/candidates/script_186.py,True,,100,0.4340922088340089,0.3088071159226955
187,[PROJECT_ROOT]/artifacts/baselines/oneshot/WPW_Syndrome/candidates/script_187.py,True,,100,0.2457771943143622,0.2890515751885062
188,[PROJECT_ROOT]/artifacts/baselines/oneshot/WPW_Syndrome/candidates/script_188.py,True,,100,0.25339869191190434,0.2583875374520641
189,[PROJECT_ROOT]/artifacts/baselines/oneshot/WPW_Syndrome/candidates/script_189.py,True,,100,0.40740135940864636,0.30030673147106524
190,[PROJECT_ROOT]/artifacts/baselines/oneshot/WPW_Syndrome/candidates/script_190.py,True,,100,0.2915088011298396,0.3063183934802593
191,[PROJECT_ROOT]/artifacts/baselines/oneshot/WPW_Syndrome/candidates/script_191.py,True,,100,0.3583317499191947,0.3253498616620784
192,[PROJECT_ROOT]/artifacts/baselines/oneshot/WPW_Syndrome/candidates/script_192.py,True,,100,0.35777424656043527,0.34109456266239657
193,[PROJECT_ROOT]/artifacts/baselines/oneshot/WPW_Syndrome/candidates/script_193.py,True,,100,0.3308147873252304,0.3761486977696137
194,[PROJECT_ROOT]/artifacts/baselines/oneshot/WPW_Syndrome/candidates/script_194.py,True,,100,0.28406467671140645,0.24489778531075093
195,[PROJECT_ROOT]/artifacts/baselines/oneshot/WPW_Syndrome/candidates/script_195.py,True,,100,0.37537625762219623,0.2815055648673337
196,[PROJECT_ROOT]/artifacts/baselines/oneshot/WPW_Syndrome/candidates/script_196.py,True,,100,0.49168348979058923,0.24356665390095675
197,[PROJECT_ROOT]/artifacts/baselines/oneshot/WPW_Syndrome/candidates/script_197.py,True,,100,0.22431953944317148,0.197774821044597
198,[PROJECT_ROOT]/artifacts/baselines/oneshot/WPW_Syndrome/candidates/script_198.py,True,,100,0.2875724432684209,0.264138975232617
199,[PROJECT_ROOT]/artifacts/baselines/oneshot/WPW_Syndrome/candidates/script_199.py,True,,100,0.3969098773918526,0.31894853310491517
200,[PROJECT_ROOT]/artifacts/baselines/oneshot/WPW_Syndrome/candidates/script_200.py,True,,100,0.23401710493277372,0.20867463525890506
201,[PROJECT_ROOT]/artifacts/baselines/oneshot/WPW_Syndrome/candidates/script_201.py,True,,100,0.5118564649975264,0.3946891839294649
202,[PROJECT_ROOT]/artifacts/baselines/oneshot/WPW_Syndrome/candidates/script_202.py,True,,100,0.4972750542843956,0.3937948760136851
203,[PROJECT_ROOT]/artifacts/baselines/oneshot/WPW_Syndrome/candidates/script_203.py,True,,100,0.29183502901432506,0.35636002711180265
204,[PROJECT_ROOT]/artifacts/baselines/oneshot/WPW_Syndrome/candidates/script_204.py,True,,100,0.2116603581583106,0.22040629251851268
205,[PROJECT_ROOT]/artifacts/baselines/oneshot/WPW_Syndrome/candidates/script_205.py,True,,100,0.2412968280150793,0.23442966990235503
206,[PROJECT_ROOT]/artifacts/baselines/oneshot/WPW_Syndrome/candidates/script_206.py,True,,100,0.20440211548486786,0.2941920826060287
207,[PROJECT_ROOT]/artifacts/baselines/oneshot/WPW_Syndrome/candidates/script_207.py,True,,100,0.36268753010810767,0.375299425970488
208,[PROJECT_ROOT]/artifacts/baselines/oneshot/WPW_Syndrome/candidates/script_208.py,True,,100,0.3027075087636528,0.2760847441056316
209,[PROJECT_ROOT]/artifacts/baselines/oneshot/WPW_Syndrome/candidates/script_209.py,True,,100,0.16454133384271935,0.2144106185966399
210,[PROJECT_ROOT]/artifacts/baselines/oneshot/WPW_Syndrome/candidates/script_210.py,True,,100,0.17689786481814807,0.2084008649839039
211,[PROJECT_ROOT]/artifacts/baselines/oneshot/WPW_Syndrome/candidates/script_211.py,True,,100,0.2979013540154714,0.32705277340938727
212,[PROJECT_ROOT]/artifacts/baselines/oneshot/WPW_Syndrome/candidates/script_212.py,True,,100,0.39907621593816167,0.3244286311575731
213,[PROJECT_ROOT]/artifacts/baselines/oneshot/WPW_Syndrome/candidates/script_213.py,True,,100,0.23849629507580233,0.30428024306108387
214,[PROJECT_ROOT]/artifacts/baselines/oneshot/WPW_Syndrome/candidates/script_214.py,True,,100,0.3356389835964805,0.44103829571529846
215,[PROJECT_ROOT]/artifacts/baselines/oneshot/WPW_Syndrome/candidates/script_215.py,True,,100,0.15981530463961874,0.18764407363109775
216,[PROJECT_ROOT]/artifacts/baselines/oneshot/WPW_Syndrome/candidates/script_216.py,True,,100,0.19644251972699694,0.22471702032826726
217,[PROJECT_ROOT]/artifacts/baselines/oneshot/WPW_Syndrome/candidates/script_217.py,True,,100,0.32410734095855714,0.24857977005625675
218,[PROJECT_ROOT]/artifacts/baselines/oneshot/WPW_Syndrome/candidates/script_218.py,True,,100,0.21521511641735863,0.2195243604405715
219,[PROJECT_ROOT]/artifacts/baselines/oneshot/WPW_Syndrome/candidates/script_219.py,True,,100,0.45269664339317106,0.3650423103796401
220,[PROJECT_ROOT]/artifacts/baselines/oneshot/WPW_Syndrome/candidates/script_220.py,True,,100,0.34181190857846006,0.3078962617729528
221,[PROJECT_ROOT]/artifacts/baselines/oneshot/WPW_Syndrome/candidates/script_221.py,True,,100,0.22827249610259778,0.24711413720828074
222,[PROJECT_ROOT]/artifacts/baselines/oneshot/WPW_Syndrome/candidates/script_222.py,True,,100,0.1772003433883413,0.2235241052824537
223,[PROJECT_ROOT]/artifacts/baselines/oneshot/WPW_Syndrome/candidates/script_223.py,True,,100,0.3277211756863709,0.311719283599189
224,[PROJECT_ROOT]/artifacts/baselines/oneshot/WPW_Syndrome/candidates/script_224.py,True,,100,0.4166675981956872,0.2704215609744774
225,[PROJECT_ROOT]/artifacts/baselines/oneshot/WPW_Syndrome/candidates/script_225.py,True,,100,0.2781058330415034,0.24383403784945373
226,[PROJECT_ROOT]/artifacts/baselines/oneshot/WPW_Syndrome/candidates/script_226.py,True,,100,0.43875327892216165,0.38528404094177077
227,[PROJECT_ROOT]/artifacts/baselines/oneshot/WPW_Syndrome/candidates/script_227.py,True,,100,0.376538229085755,0.3463466163723822
228,[PROJECT_ROOT]/artifacts/baselines/oneshot/WPW_Syndrome/candidates/script_228.py,True,,100,0.43847962509029353,0.28842869580552954
229,[PROJECT_ROOT]/artifacts/baselines/oneshot/WPW_Syndrome/candidates/script_229.py,True,,100,0.42903339037099125,0.3755850215310629
230,[PROJECT_ROOT]/artifacts/baselines/oneshot/WPW_Syndrome/candidates/script_230.py,True,,100,0.37658515237920814,0.2248337829340639
231,[PROJECT_ROOT]/artifacts/baselines/oneshot/WPW_Syndrome/candidates/script_231.py,True,,100,0.3845423863745173,0.28019139698233847
232,[PROJECT_ROOT]/artifacts/baselines/oneshot/WPW_Syndrome/candidates/script_232.py,True,,100,0.2676016435863271,0.23259305797256577
233,[PROJECT_ROOT]/artifacts/baselines/oneshot/WPW_Syndrome/candidates/script_233.py,True,,100,0.24556683450228886,0.27382325434581717
234,[PROJECT_ROOT]/artifacts/baselines/oneshot/WPW_Syndrome/candidates/script_234.py,True,,100,0.34306433754917526,0.24295644718264356
235,[PROJECT_ROOT]/artifacts/baselines/oneshot/WPW_Syndrome/candidates/script_235.py,True,,100,0.219749106297728,0.25895605713474434
236,[PROJECT_ROOT]/artifacts/baselines/oneshot/WPW_Syndrome/candidates/script_236.py,True,,100,0.1952274440352571,0.2907653737331728
237,[PROJECT_ROOT]/artifacts/baselines/oneshot/WPW_Syndrome/candidates/script_237.py,True,,100,0.22588384428149624,0.24184062016229635
238,[PROJECT_ROOT]/artifacts/baselines/oneshot/WPW_Syndrome/candidates/script_238.py,True,,100,0.16936342034817242,0.22557675680146547
239,[PROJECT_ROOT]/artifacts/baselines/oneshot/WPW_Syndrome/candidates/script_239.py,True,,100,0.23649119525500054,0.21977448764071705
240,[PROJECT_ROOT]/artifacts/baselines/oneshot/WPW_Syndrome/candidates/script_240.py,True,,100,0.5099732927657676,0.30991799594628217
241,[PROJECT_ROOT]/artifacts/baselines/oneshot/WPW_Syndrome/candidates/script_241.py,True,,100,0.2856611526927481,0.3370951313243202
242,[PROJECT_ROOT]/artifacts/baselines/oneshot/WPW_Syndrome/candidates/script_242.py,True,,100,0.3791551776751141,0.27365835061777277
243,[PROJECT_ROOT]/artifacts/baselines/oneshot/WPW_Syndrome/candidates/script_243.py,True,,100,0.20575159591720182,0.19854361115417377
244,[PROJECT_ROOT]/artifacts/baselines/oneshot/WPW_Syndrome/candidates/script_244.py,True,,100,0.16922230576523933,0.2163372046018509
245,[PROJECT_ROOT]/artifacts/baselines/oneshot/WPW_Syndrome/candidates/script_245.py,True,,100,0.33923025080616837,0.29314095062318496
246,[PROJECT_ROOT]/artifacts/baselines/oneshot/WPW_Syndrome/candidates/script_246.py,True,,100,0.1953034625519252,0.24006216729319274
247,[PROJECT_ROOT]/artifacts/baselines/oneshot/WPW_Syndrome/candidates/script_247.py,True,,100,0.19370524179953735,0.2700928967793728
248,[PROJECT_ROOT]/artifacts/baselines/oneshot/WPW_Syndrome/candidates/script_248.py,True,,100,0.38047619020364276,0.22970828887994435
249,[PROJECT_ROOT]/artifacts/baselines/oneshot/WPW_Syndrome/candidates/script_249.py,True,,100,0.2137391803622859,0.2448569730838303
250,[PROJECT_ROOT]/artifacts/baselines/oneshot/WPW_Syndrome/candidates/script_250.py,True,,100,0.23709921617081994,0.24308874022540927
251,[PROJECT_ROOT]/artifacts/baselines/oneshot/WPW_Syndrome/candidates/script_251.py,True,,100,0.22308160082501863,0.24990025212329742
252,[PROJECT_ROOT]/artifacts/baselines/oneshot/WPW_Syndrome/candidates/script_252.py,True,,100,0.2183151869394369,0.2951122580430212
253,[PROJECT_ROOT]/artifacts/baselines/oneshot/WPW_Syndrome/candidates/script_253.py,True,,100,0.385761130728177,0.31291668706333403
254,[PROJECT_ROOT]/artifacts/baselines/oneshot/WPW_Syndrome/candidates/script_254.py,True,,100,0.29344534882250006,0.18672317574117403
255,[PROJECT_ROOT]/artifacts/baselines/oneshot/WPW_Syndrome/candidates/script_255.py,True,,100,0.3258203230686311,0.3185574410200024
256,[PROJECT_ROOT]/artifacts/baselines/oneshot/WPW_Syndrome/candidates/script_256.py,True,,100,0.3270521062475713,0.37687969953968364
257,[PROJECT_ROOT]/artifacts/baselines/oneshot/WPW_Syndrome/candidates/script_257.py,True,,100,0.35158992232864994,0.35189639758901703
258,[PROJECT_ROOT]/artifacts/baselines/oneshot/WPW_Syndrome/candidates/script_258.py,True,,100,0.3362528500013418,0.31445052990223965
259,[PROJECT_ROOT]/artifacts/baselines/oneshot/WPW_Syndrome/candidates/script_259.py,True,,100,0.36466294064020344,0.4131787166004219
260,[PROJECT_ROOT]/artifacts/baselines/oneshot/WPW_Syndrome/candidates/script_260.py,True,,100,0.3712394534059817,0.3201969083989647
261,[PROJECT_ROOT]/artifacts/baselines/oneshot/WPW_Syndrome/candidates/script_261.py,True,,100,0.2939054021401038,0.24308416648441783
262,[PROJECT_ROOT]/artifacts/baselines/oneshot/WPW_Syndrome/candidates/script_262.py,True,,100,0.16723716278681616,0.24188752984633707
263,[PROJECT_ROOT]/artifacts/baselines/oneshot/WPW_Syndrome/candidates/script_263.py,True,,100,0.2521131551820512,0.22016181962305317
264,[PROJECT_ROOT]/artifacts/baselines/oneshot/WPW_Syndrome/candidates/script_264.py,True,,100,0.6349931899387184,0.36332908805577596
265,[PROJECT_ROOT]/artifacts/baselines/oneshot/WPW_Syndrome/candidates/script_265.py,True,,100,0.22384941167296896,0.2254112341375127
266,[PROJECT_ROOT]/artifacts/baselines/oneshot/WPW_Syndrome/candidates/script_266.py,True,,100,0.20740552026316741,0.24119955633454587
267,[PROJECT_ROOT]/artifacts/baselines/oneshot/WPW_Syndrome/candidates/script_267.py,True,,100,0.27474108817998244,0.19313106750082154
268,[PROJECT_ROOT]/artifacts/baselines/oneshot/WPW_Syndrome/candidates/script_268.py,True,,100,0.3538531810808555,0.3441179653793858
269,[PROJECT_ROOT]/artifacts/baselines/oneshot/WPW_Syndrome/candidates/script_269.py,True,,100,0.43751911710178853,0.29744472875763744
270,[PROJECT_ROOT]/artifacts/baselines/oneshot/WPW_Syndrome/candidates/script_270.py,True,,100,0.42208320442408587,0.3786247562689192
271,[PROJECT_ROOT]/artifacts/baselines/oneshot/WPW_Syndrome/candidates/script_271.py,True,,100,0.31995516622671555,0.2982926378350652
272,[PROJECT_ROOT]/artifacts/baselines/oneshot/WPW_Syndrome/candidates/script_272.py,True,,100,0.41339734871841777,0.35611624558996974
273,[PROJECT_ROOT]/artifacts/baselines/oneshot/WPW_Syndrome/candidates/script_273.py,True,,100,0.4529550164258608,0.31411693366395876
274,[PROJECT_ROOT]/artifacts/baselines/oneshot/WPW_Syndrome/candidates/script_274.py,True,,100,0.3493534313017138,0.3260133925971702
275,[PROJECT_ROOT]/artifacts/baselines/oneshot/WPW_Syndrome/candidates/script_275.py,True,,100,0.20921268773461957,0.20870905142807655
276,[PROJECT_ROOT]/artifacts/baselines/oneshot/WPW_Syndrome/candidates/script_276.py,True,,100,0.35455273628530426,0.2708388908370058
277,[PROJECT_ROOT]/artifacts/baselines/oneshot/WPW_Syndrome/candidates/script_277.py,True,,100,0.6148887878789008,0.3648445107492294
278,[PROJECT_ROOT]/artifacts/baselines/oneshot/WPW_Syndrome/candidates/script_278.py,True,,100,0.23987541296363163,0.19022517013708035
279,[PROJECT_ROOT]/artifacts/baselines/oneshot/WPW_Syndrome/candidates/script_279.py,True,,100,0.4362571180955409,0.3489871376153547
280,[PROJECT_ROOT]/artifacts/baselines/oneshot/WPW_Syndrome/candidates/script_280.py,True,,100,0.3279428590803902,0.3258380511640052
281,[PROJECT_ROOT]/artifacts/baselines/oneshot/WPW_Syndrome/candidates/script_281.py,True,,100,0.4794943795785924,0.233409849773484
282,[PROJECT_ROOT]/artifacts/baselines/oneshot/WPW_Syndrome/candidates/script_282.py,True,,100,0.4474325448584705,0.33724617027513604
283,[PROJECT_ROOT]/artifacts/baselines/oneshot/WPW_Syndrome/candidates/script_283.py,True,,100,0.22374934956152961,0.19796331212762927
284,[PROJECT_ROOT]/artifacts/baselines/oneshot/WPW_Syndrome/candidates/script_284.py,True,,100,0.3518299830790002,0.23868275041644998
285,[PROJECT_ROOT]/artifacts/baselines/oneshot/WPW_Syndrome/candidates/script_285.py,True,,100,0.22527685950363194,0.22880361091246348
286,[PROJECT_ROOT]/artifacts/baselines/oneshot/WPW_Syndrome/candidates/script_286.py,True,,100,0.3261945468744144,0.24581127738555789
287,[PROJECT_ROOT]/artifacts/baselines/oneshot/WPW_Syndrome/candidates/script_287.py,True,,100,0.2743595060298546,0.2365716173215987
288,[PROJECT_ROOT]/artifacts/baselines/oneshot/WPW_Syndrome/candidates/script_288.py,True,,100,0.23221642272243695,0.2133609535650615
289,[PROJECT_ROOT]/artifacts/baselines/oneshot/WPW_Syndrome/candidates/script_289.py,True,,100,0.37383850395458634,0.3015369736889936
290,[PROJECT_ROOT]/artifacts/baselines/oneshot/WPW_Syndrome/candidates/script_290.py,True,,100,0.46663454263047016,0.3959447421503172
291,[PROJECT_ROOT]/artifacts/baselines/oneshot/WPW_Syndrome/candidates/script_291.py,True,,100,0.32343508064556625,0.28793379930382906
292,[PROJECT_ROOT]/artifacts/baselines/oneshot/WPW_Syndrome/candidates/script_292.py,True,,100,0.241483246844667,0.23179152323619784
293,[PROJECT_ROOT]/artifacts/baselines/oneshot/WPW_Syndrome/candidates/script_293.py,True,,100,0.36843907493515105,0.36865784675097624
294,[PROJECT_ROOT]/artifacts/baselines/oneshot/WPW_Syndrome/candidates/script_294.py,True,,100,0.4144962407252075,0.37288066024868977
295,[PROJECT_ROOT]/artifacts/baselines/oneshot/WPW_Syndrome/candidates/script_295.py,True,,100,0.3414330257552609,0.2904532097007047
296,[PROJECT_ROOT]/artifacts/baselines/oneshot/WPW_Syndrome/candidates/script_296.py,True,,100,0.4063128504354183,0.2550215797218399
297,[PROJECT_ROOT]/artifacts/baselines/oneshot/WPW_Syndrome/candidates/script_297.py,True,,100,0.4144624228129084,0.35512029833022085
298,[PROJECT_ROOT]/artifacts/baselines/oneshot/WPW_Syndrome/candidates/script_298.py,True,,100,0.19420828250198618,0.23135586574190098
299,[PROJECT_ROOT]/artifacts/baselines/oneshot/WPW_Syndrome/candidates/script_299.py,True,,100,0.24320867878116034,0.266364658803208
300,[PROJECT_ROOT]/artifacts/baselines/oneshot/WPW_Syndrome/candidates/script_300.py,True,,100,0.21083937117882073,0.24887348233940845
301,[PROJECT_ROOT]/artifacts/baselines/oneshot/WPW_Syndrome/candidates/script_301.py,True,,100,0.4166428370685223,0.3340015415304274
302,[PROJECT_ROOT]/artifacts/baselines/oneshot/WPW_Syndrome/candidates/script_302.py,True,,100,0.35212945285623415,0.33324139387748714
303,[PROJECT_ROOT]/artifacts/baselines/oneshot/WPW_Syndrome/candidates/script_303.py,True,,100,0.2015906122682687,0.23829291639039551
304,[PROJECT_ROOT]/artifacts/baselines/oneshot/WPW_Syndrome/candidates/script_304.py,True,,100,0.19855888342362976,0.20687222842795533
305,[PROJECT_ROOT]/artifacts/baselines/oneshot/WPW_Syndrome/candidates/script_305.py,True,,100,0.46488550007801155,0.3619142764662528
306,[PROJECT_ROOT]/artifacts/baselines/oneshot/WPW_Syndrome/candidates/script_306.py,True,,100,0.2781492836053655,0.28246453719645953
307,[PROJECT_ROOT]/artifacts/baselines/oneshot/WPW_Syndrome/candidates/script_307.py,True,,100,0.5756113565992159,0.31682391304557245
308,[PROJECT_ROOT]/artifacts/baselines/oneshot/WPW_Syndrome/candidates/script_308.py,True,,100,0.4076674458256339,0.41574813283301326
309,[PROJECT_ROOT]/artifacts/baselines/oneshot/WPW_Syndrome/candidates/script_309.py,True,,100,0.3072914464008588,0.34205580752649006
310,[PROJECT_ROOT]/artifacts/baselines/oneshot/WPW_Syndrome/candidates/script_310.py,True,,100,0.29236502077668447,0.25707643145192904
311,[PROJECT_ROOT]/artifacts/baselines/oneshot/WPW_Syndrome/candidates/script_311.py,True,,100,0.3945251004031597,0.22765867365911768
312,[PROJECT_ROOT]/artifacts/baselines/oneshot/WPW_Syndrome/candidates/script_312.py,True,,100,0.37188672938041983,0.25484329637523623
313,[PROJECT_ROOT]/artifacts/baselines/oneshot/WPW_Syndrome/candidates/script_313.py,True,,100,0.3340008216534418,0.3761422917352619
314,[PROJECT_ROOT]/artifacts/baselines/oneshot/WPW_Syndrome/candidates/script_314.py,True,,100,0.2680578683709479,0.2287441433801895
315,[PROJECT_ROOT]/artifacts/baselines/oneshot/WPW_Syndrome/candidates/script_315.py,True,,100,0.35318551657286934,0.23839127433437235
316,[PROJECT_ROOT]/artifacts/baselines/oneshot/WPW_Syndrome/candidates/script_316.py,True,,100,0.4776749501599665,0.36664546569014306
317,[PROJECT_ROOT]/artifacts/baselines/oneshot/WPW_Syndrome/candidates/script_317.py,True,,100,0.39728339582180966,0.2897330503968648
318,[PROJECT_ROOT]/artifacts/baselines/oneshot/WPW_Syndrome/candidates/script_318.py,True,,100,0.38337550764747413,0.25206197890581855
319,[PROJECT_ROOT]/artifacts/baselines/oneshot/WPW_Syndrome/candidates/script_319.py,True,,100,0.1546156239223913,0.19482437390584434
320,[PROJECT_ROOT]/artifacts/baselines/oneshot/WPW_Syndrome/candidates/script_320.py,True,,100,0.2172629471439333,0.24675219872744208
321,[PROJECT_ROOT]/artifacts/baselines/oneshot/WPW_Syndrome/candidates/script_321.py,True,,100,0.2078616958283852,0.18777475137879496
322,[PROJECT_ROOT]/artifacts/baselines/oneshot/WPW_Syndrome/candidates/script_322.py,True,,100,0.3407562203790967,0.3005015883921806
323,[PROJECT_ROOT]/artifacts/baselines/oneshot/WPW_Syndrome/candidates/script_323.py,True,,100,0.4044642938453106,0.33804723282965243
324,[PROJECT_ROOT]/artifacts/baselines/oneshot/WPW_Syndrome/candidates/script_324.py,True,,100,0.26583851124852886,0.27408893491955233
325,[PROJECT_ROOT]/artifacts/baselines/oneshot/WPW_Syndrome/candidates/script_325.py,True,,100,0.3656238438032509,0.23458830915836498
326,[PROJECT_ROOT]/artifacts/baselines/oneshot/WPW_Syndrome/candidates/script_326.py,False,RemoteProtocolError,,,
327,[PROJECT_ROOT]/artifacts/baselines/oneshot/WPW_Syndrome/candidates/script_327.py,True,,100,0.6362051004260522,0.45118691472977973
328,[PROJECT_ROOT]/artifacts/baselines/oneshot/WPW_Syndrome/candidates/script_328.py,True,,100,0.25093310533243546,0.325788214594408
329,[PROJECT_ROOT]/artifacts/baselines/oneshot/WPW_Syndrome/candidates/script_329.py,True,,100,0.4716688403142607,0.37125643005309367
330,[PROJECT_ROOT]/artifacts/baselines/oneshot/WPW_Syndrome/candidates/script_330.py,True,,100,0.4351297069869978,0.37395503345418585
331,[PROJECT_ROOT]/artifacts/baselines/oneshot/WPW_Syndrome/candidates/script_331.py,True,,100,0.19959046732001395,0.21713186900163192
332,[PROJECT_ROOT]/artifacts/baselines/oneshot/WPW_Syndrome/candidates/script_332.py,True,,100,0.37148708748014786,0.23083739284383442
333,[PROJECT_ROOT]/artifacts/baselines/oneshot/WPW_Syndrome/candidates/script_333.py,True,,100,0.4380293448882317,0.36147195346102734
334,[PROJECT_ROOT]/artifacts/baselines/oneshot/WPW_Syndrome/candidates/script_334.py,True,,100,0.5461533557916265,0.3584327089841695
335,[PROJECT_ROOT]/artifacts/baselines/oneshot/WPW_Syndrome/candidates/script_335.py,True,,100,0.1444528961640897,0.2860199640438201
336,[PROJECT_ROOT]/artifacts/baselines/oneshot/WPW_Syndrome/candidates/script_336.py,True,,100,0.38056820290502236,0.3022227269723787
337,[PROJECT_ROOT]/artifacts/baselines/oneshot/WPW_Syndrome/candidates/script_337.py,True,,100,0.42218256060146875,0.21365085397669975
338,[PROJECT_ROOT]/artifacts/baselines/oneshot/WPW_Syndrome/candidates/script_338.py,True,,100,0.3323285689511979,0.45774355494650276
339,[PROJECT_ROOT]/artifacts/baselines/oneshot/WPW_Syndrome/candidates/script_339.py,True,,100,0.18717047745782822,0.27078342045332343
340,[PROJECT_ROOT]/artifacts/baselines/oneshot/WPW_Syndrome/candidates/script_340.py,True,,100,0.2752462520858442,0.20194105967339254
341,[PROJECT_ROOT]/artifacts/baselines/oneshot/WPW_Syndrome/candidates/script_341.py,True,,100,0.3367224408118147,0.30410795268832164
342,[PROJECT_ROOT]/artifacts/baselines/oneshot/WPW_Syndrome/candidates/script_342.py,True,,100,0.23262010028539953,0.2161532336532738
343,[PROJECT_ROOT]/artifacts/baselines/oneshot/WPW_Syndrome/candidates/script_343.py,True,,100,0.40756722014798763,0.2861151913330515
344,[PROJECT_ROOT]/artifacts/baselines/oneshot/WPW_Syndrome/candidates/script_344.py,True,,100,0.25199699885607907,0.23480468477070776
345,[PROJECT_ROOT]/artifacts/baselines/oneshot/WPW_Syndrome/candidates/script_345.py,True,,100,0.24798391458395508,0.24136256487701108
346,[PROJECT_ROOT]/artifacts/baselines/oneshot/WPW_Syndrome/candidates/script_346.py,True,,100,0.35241870071280224,0.4079304728731589
347,[PROJECT_ROOT]/artifacts/baselines/oneshot/WPW_Syndrome/candidates/script_347.py,True,,100,0.45834665041592987,0.308155524387228
348,[PROJECT_ROOT]/artifacts/baselines/oneshot/WPW_Syndrome/candidates/script_348.py,True,,100,0.2316351024825606,0.25956650236455314
349,[PROJECT_ROOT]/artifacts/baselines/oneshot/WPW_Syndrome/candidates/script_349.py,True,,100,0.34370794723105796,0.3353901144693692
350,[PROJECT_ROOT]/artifacts/baselines/oneshot/WPW_Syndrome/candidates/script_350.py,True,,100,0.3997690042586279,0.3220757136900889
351,[PROJECT_ROOT]/artifacts/baselines/oneshot/WPW_Syndrome/candidates/script_351.py,True,,100,0.3933373437293653,0.22233562225083564
352,[PROJECT_ROOT]/artifacts/baselines/oneshot/WPW_Syndrome/candidates/script_352.py,True,,100,0.3077964805318839,0.2578399502922399
353,[PROJECT_ROOT]/artifacts/baselines/oneshot/WPW_Syndrome/candidates/script_353.py,True,,100,0.5302220903544399,0.37237487408570824
354,[PROJECT_ROOT]/artifacts/baselines/oneshot/WPW_Syndrome/candidates/script_354.py,True,,100,0.39952118506875944,0.3593871395549386
355,[PROJECT_ROOT]/artifacts/baselines/oneshot/WPW_Syndrome/candidates/script_355.py,True,,100,0.3096760341785617,0.2989139919169796
356,[PROJECT_ROOT]/artifacts/baselines/oneshot/WPW_Syndrome/candidates/script_356.py,True,,100,0.26234567763615124,0.20320343245185796
357,[PROJECT_ROOT]/artifacts/baselines/oneshot/WPW_Syndrome/candidates/script_357.py,True,,100,0.21428146655481023,0.18377316549375777
358,[PROJECT_ROOT]/artifacts/baselines/oneshot/WPW_Syndrome/candidates/script_358.py,True,,100,0.35811961401479814,0.3581746356832216
359,[PROJECT_ROOT]/artifacts/baselines/oneshot/WPW_Syndrome/candidates/script_359.py,True,,100,0.33810925657190155,0.2164608276229642
360,[PROJECT_ROOT]/artifacts/baselines/oneshot/WPW_Syndrome/candidates/script_360.py,True,,100,0.37824899085277686,0.29073977867937206
361,[PROJECT_ROOT]/artifacts/baselines/oneshot/WPW_Syndrome/candidates/script_361.py,True,,100,0.11945375374625451,0.1919543027945788
362,[PROJECT_ROOT]/artifacts/baselines/oneshot/WPW_Syndrome/candidates/script_362.py,True,,100,0.2003071122027389,0.23329829445848893
363,[PROJECT_ROOT]/artifacts/baselines/oneshot/WPW_Syndrome/candidates/script_363.py,True,,100,0.3133904296456994,0.28172900796609524
364,[PROJECT_ROOT]/artifacts/baselines/oneshot/WPW_Syndrome/candidates/script_364.py,True,,100,0.2031536940886865,0.23943203447089997
365,[PROJECT_ROOT]/artifacts/baselines/oneshot/WPW_Syndrome/candidates/script_365.py,True,,100,0.21539992133360722,0.2563350541478671
366,[PROJECT_ROOT]/artifacts/baselines/oneshot/WPW_Syndrome/candidates/script_366.py,True,,100,0.45756591995269574,0.3029199456557029
367,[PROJECT_ROOT]/artifacts/baselines/oneshot/WPW_Syndrome/candidates/script_367.py,False,execution,0,,
368,[PROJECT_ROOT]/artifacts/baselines/oneshot/WPW_Syndrome/candidates/script_368.py,True,,100,0.2772953767626591,0.33502366764746516
369,[PROJECT_ROOT]/artifacts/baselines/oneshot/WPW_Syndrome/candidates/script_369.py,True,,100,0.32639190581272526,0.3017267643625049
370,[PROJECT_ROOT]/artifacts/baselines/oneshot/WPW_Syndrome/candidates/script_370.py,True,,100,0.45054757845282767,0.2516658560258994
371,[PROJECT_ROOT]/artifacts/baselines/oneshot/WPW_Syndrome/candidates/script_371.py,True,,100,0.19797796597677658,0.18668167230827404
372,[PROJECT_ROOT]/artifacts/baselines/oneshot/WPW_Syndrome/candidates/script_372.py,True,,100,0.49383992073123195,0.32596688079198594
373,[PROJECT_ROOT]/artifacts/baselines/oneshot/WPW_Syndrome/candidates/script_373.py,True,,100,0.1929141833868949,0.22687068419135184
374,[PROJECT_ROOT]/artifacts/baselines/oneshot/WPW_Syndrome/candidates/script_374.py,True,,100,0.26692256054091634,0.26774853251805775
375,[PROJECT_ROOT]/artifacts/baselines/oneshot/WPW_Syndrome/candidates/script_375.py,True,,100,0.23535543107050771,0.24255692908616658
376,[PROJECT_ROOT]/artifacts/baselines/oneshot/WPW_Syndrome/candidates/script_376.py,True,,100,0.3915211699869794,0.26927939988822724
377,[PROJECT_ROOT]/artifacts/baselines/oneshot/WPW_Syndrome/candidates/script_377.py,True,,100,0.3876613342357943,0.3408199568463032
378,[PROJECT_ROOT]/artifacts/baselines/oneshot/WPW_Syndrome/candidates/script_378.py,True,,100,0.45625866888651484,0.33980043229905527
379,[PROJECT_ROOT]/artifacts/baselines/oneshot/WPW_Syndrome/candidates/script_379.py,True,,100,0.15542843622572272,0.23596719701538943
